Gene1,Gene1_Start,Gene1_End,Gene1_Bin,Gene2,Gene2_Start,Gene2_End,Gene2_Bin,HiC_Interaction,Gene1_Time_-4.5,Gene2_Time_-4.5,Gene1_Time_0.5,Gene2_Time_0.5,Gene1_Time_1.0,Gene2_Time_1.0,Gene1_Time_1.5,Gene2_Time_1.5,Gene1_Time_2.0,Gene2_Time_2.0,Gene1_Time_2.5,Gene2_Time_2.5,Gene1_Time_3.0,Gene2_Time_3.0,Gene1_Time_3.5,Gene2_Time_3.5,Gene1_Time_4.0,Gene2_Time_4.0,Gene1_Time_4.5,Gene2_Time_4.5,Gene1_Time_5.0,Gene2_Time_5.0,Gene1_Time_5.5,Gene2_Time_5.5,Gene1_Time_6.0,Gene2_Time_6.0,Gene1_Time_6.5,Gene2_Time_6.5,Gene1_Time_7.0,Gene2_Time_7.0,Gene1_Time_7.5,Gene2_Time_7.5,Gene1_Time_8.0,Gene2_Time_8.0,Gene1_Time_8.5,Gene2_Time_8.5,Gene1_Time_9.0,Gene2_Time_9.0,Gene1_Time_9.5,Gene2_Time_9.5,Gene1_Time_10.0,Gene2_Time_10.0,Gene1_Time_10.5,Gene2_Time_10.5,Gene1_Time_11.0,Gene2_Time_11.0,Gene1_Time_11.5,Gene2_Time_11.5,Gene1_Time_12.0,Gene2_Time_12.0,Gene1_Time_12.5,Gene2_Time_12.5,Gene1_Time_13.0,Gene2_Time_13.0,Gene1_Time_13.5,Gene2_Time_13.5,Gene1_Time_14.0,Gene2_Time_14.0,Gene1_Time_15.0,Gene2_Time_15.0,Gene1_Time_16.0,Gene2_Time_16.0,Gene1_Time_17.0,Gene2_Time_17.0,Gene1_Time_18.0,Gene2_Time_18.0,Gene1_Time_19.0,Gene2_Time_19.0,Gene1_Time_20.0,Gene2_Time_20.0,Gene1_Time_21.0,Gene2_Time_21.0,Gene1_Time_22.0,Gene2_Time_22.0,Gene1_Time_23.0,Gene2_Time_23.0,Gene1_Time_24.0,Gene2_Time_24.0,Gene1_Time_25.0,Gene2_Time_25.0,Gene1_Time_26.0,Gene2_Time_26.0,Gene1_Time_27.0,Gene2_Time_27.0,Gene1_Time_28.0,Gene2_Time_28.0
Dnmt3a,3856007.0,3964443.0,3000000.0,Dnmt3a,3856007.0,3964443.0,3000000.0,2512.366,6.5125714285714285,6.5125714285714285,6.353,6.353,5.5360000000000005,5.5360000000000005,6.6,6.6,5.8886,5.8886,6.55625,6.55625,5.9424,5.9424,6.2145,6.2145,6.0485,6.0485,6.3107500000000005,6.3107500000000005,6.00675,6.00675,6.25525,6.25525,6.09775,6.09775,6.2795000000000005,6.2795000000000005,6.0458,6.0458,6.5,6.5,6.388249999999999,6.388249999999999,5.6442499999999995,5.6442499999999995,6.64025,6.64025,5.8942499999999995,5.8942499999999995,6.49025,6.49025,6.16625,6.16625,6.598,6.598,6.662000000000001,6.662000000000001,6.08275,6.08275,6.4235,6.4235,6.394,6.394,6.196666666666666,6.196666666666666,6.104,6.104,6.29675,6.29675,6.31725,6.31725,6.391,6.391,6.1345,6.1345,5.858,5.858,5.773666666666666,5.773666666666666,5.88875,5.88875,5.616,5.616,5.380999999999999,5.380999999999999,5.77575,5.77575,5.66725,5.66725,5.393750000000001,5.393750000000001,5.556,5.556,5.41225,5.41225
