Gene1,Gene1_Start,Gene1_End,Gene1_Bin,Gene2,Gene2_Start,Gene2_End,Gene2_Bin,HiC_Interaction,Gene1_Time_-4.5,Gene2_Time_-4.5,Gene1_Time_0.5,Gene2_Time_0.5,Gene1_Time_1.0,Gene2_Time_1.0,Gene1_Time_1.5,Gene2_Time_1.5,Gene1_Time_2.0,Gene2_Time_2.0,Gene1_Time_2.5,Gene2_Time_2.5,Gene1_Time_3.0,Gene2_Time_3.0,Gene1_Time_3.5,Gene2_Time_3.5,Gene1_Time_4.0,Gene2_Time_4.0,Gene1_Time_4.5,Gene2_Time_4.5,Gene1_Time_5.0,Gene2_Time_5.0,Gene1_Time_5.5,Gene2_Time_5.5,Gene1_Time_6.0,Gene2_Time_6.0,Gene1_Time_6.5,Gene2_Time_6.5,Gene1_Time_7.0,Gene2_Time_7.0,Gene1_Time_7.5,Gene2_Time_7.5,Gene1_Time_8.0,Gene2_Time_8.0,Gene1_Time_8.5,Gene2_Time_8.5,Gene1_Time_9.0,Gene2_Time_9.0,Gene1_Time_9.5,Gene2_Time_9.5,Gene1_Time_10.0,Gene2_Time_10.0,Gene1_Time_10.5,Gene2_Time_10.5,Gene1_Time_11.0,Gene2_Time_11.0,Gene1_Time_11.5,Gene2_Time_11.5,Gene1_Time_12.0,Gene2_Time_12.0,Gene1_Time_12.5,Gene2_Time_12.5,Gene1_Time_13.0,Gene2_Time_13.0,Gene1_Time_13.5,Gene2_Time_13.5,Gene1_Time_14.0,Gene2_Time_14.0,Gene1_Time_15.0,Gene2_Time_15.0,Gene1_Time_16.0,Gene2_Time_16.0,Gene1_Time_17.0,Gene2_Time_17.0,Gene1_Time_18.0,Gene2_Time_18.0,Gene1_Time_19.0,Gene2_Time_19.0,Gene1_Time_20.0,Gene2_Time_20.0,Gene1_Time_21.0,Gene2_Time_21.0,Gene1_Time_22.0,Gene2_Time_22.0,Gene1_Time_23.0,Gene2_Time_23.0,Gene1_Time_24.0,Gene2_Time_24.0,Gene1_Time_25.0,Gene2_Time_25.0,Gene1_Time_26.0,Gene2_Time_26.0,Gene1_Time_27.0,Gene2_Time_27.0,Gene1_Time_28.0,Gene2_Time_28.0
FSP1 (S100a4),61551042.0,61575039.0,61000000.0,FSP1 (S100a4),61551042.0,61575039.0,61000000.0,2830.3241,6.097142857142857,6.097142857142857,6.5265,6.5265,7.040749999999999,7.040749999999999,6.2005,6.2005,6.2974000000000006,6.2974000000000006,6.1075,6.1075,6.462999999999999,6.462999999999999,6.5275,6.5275,6.35125,6.35125,6.172499999999999,6.172499999999999,5.81775,5.81775,6.60675,6.60675,6.535,6.535,6.394500000000001,6.394500000000001,6.406200000000001,6.406200000000001,6.101,6.101,6.23275,6.23275,5.967499999999999,5.967499999999999,6.4197500000000005,6.4197500000000005,6.043,6.043,6.4275,6.4275,6.17675,6.17675,6.51275,6.51275,6.342499999999999,6.342499999999999,6.8125,6.8125,6.528499999999999,6.528499999999999,6.8942499999999995,6.8942499999999995,7.199333333333333,7.199333333333333,6.309,6.309,6.724,6.724,6.786,6.786,6.87,6.87,6.9855,6.9855,6.97325,6.97325,7.043666666666667,7.043666666666667,7.157,7.157,7.327500000000001,7.327500000000001,7.033,7.033,7.00575,7.00575,7.528,7.528,6.707750000000001,6.707750000000001,7.77125,7.77125,6.971,6.971
