Gene1,Gene1_Start,Gene1_End,Gene1_Bin,Gene2,Gene2_Start,Gene2_End,Gene2_Bin,HiC_Interaction,Gene1_Time_-4.5,Gene2_Time_-4.5,Gene1_Time_0.5,Gene2_Time_0.5,Gene1_Time_1.0,Gene2_Time_1.0,Gene1_Time_1.5,Gene2_Time_1.5,Gene1_Time_2.0,Gene2_Time_2.0,Gene1_Time_2.5,Gene2_Time_2.5,Gene1_Time_3.0,Gene2_Time_3.0,Gene1_Time_3.5,Gene2_Time_3.5,Gene1_Time_4.0,Gene2_Time_4.0,Gene1_Time_4.5,Gene2_Time_4.5,Gene1_Time_5.0,Gene2_Time_5.0,Gene1_Time_5.5,Gene2_Time_5.5,Gene1_Time_6.0,Gene2_Time_6.0,Gene1_Time_6.5,Gene2_Time_6.5,Gene1_Time_7.0,Gene2_Time_7.0,Gene1_Time_7.5,Gene2_Time_7.5,Gene1_Time_8.0,Gene2_Time_8.0,Gene1_Time_8.5,Gene2_Time_8.5,Gene1_Time_9.0,Gene2_Time_9.0,Gene1_Time_9.5,Gene2_Time_9.5,Gene1_Time_10.0,Gene2_Time_10.0,Gene1_Time_10.5,Gene2_Time_10.5,Gene1_Time_11.0,Gene2_Time_11.0,Gene1_Time_11.5,Gene2_Time_11.5,Gene1_Time_12.0,Gene2_Time_12.0,Gene1_Time_12.5,Gene2_Time_12.5,Gene1_Time_13.0,Gene2_Time_13.0,Gene1_Time_13.5,Gene2_Time_13.5,Gene1_Time_14.0,Gene2_Time_14.0,Gene1_Time_15.0,Gene2_Time_15.0,Gene1_Time_16.0,Gene2_Time_16.0,Gene1_Time_17.0,Gene2_Time_17.0,Gene1_Time_18.0,Gene2_Time_18.0,Gene1_Time_19.0,Gene2_Time_19.0,Gene1_Time_20.0,Gene2_Time_20.0,Gene1_Time_21.0,Gene2_Time_21.0,Gene1_Time_22.0,Gene2_Time_22.0,Gene1_Time_23.0,Gene2_Time_23.0,Gene1_Time_24.0,Gene2_Time_24.0,Gene1_Time_25.0,Gene2_Time_25.0,Gene1_Time_26.0,Gene2_Time_26.0,Gene1_Time_27.0,Gene2_Time_27.0,Gene1_Time_28.0,Gene2_Time_28.0
ALDH1A1 (PMID 11751205),20470079.0,20620829.0,20000000.0,ALDH1A1 (PMID 11751205),20470079.0,20620829.0,20000000.0,2835.1455,6.379142857142858,6.379142857142858,9.70625,9.70625,8.18675,8.18675,8.837,8.837,9.8326,9.8326,9.3005,9.3005,9.2224,9.2224,8.583,8.583,8.35325,8.35325,7.46025,7.46025,7.676,7.676,7.26075,7.26075,8.001,8.001,7.5095,7.5095,7.737,7.737,7.558,7.558,8.2455,8.2455,7.179499999999999,7.179499999999999,7.835,7.835,6.62925,6.62925,7.57025,7.57025,7.36225,7.36225,7.643,7.643,7.684749999999999,7.684749999999999,8.2665,8.2665,8.1775,8.1775,7.841,7.841,9.120333333333337,9.120333333333337,8.88625,8.88625,8.454500000000001,8.454500000000001,8.873000000000001,8.873000000000001,9.413,9.413,9.63875,9.63875,10.04775,10.04775,9.964333333333334,9.964333333333334,9.765,9.765,8.574,8.574,9.0205,9.0205,10.32225,10.32225,9.71625,9.71625,10.03175,10.03175,9.69,9.69,10.1945,10.1945
